n_gram,xparam
pop_retn_pop,x1
retn_pop_retn,x2
pop_retn_push,x3
retn_push_pop,x4
push_pop_retn,x5
retn_push_push,x6
push_push_push,x7
push_push_pop,x8
push_pop_pop,x9
pop_pop_pop,x10
pop_pop_retn,x11
pop_pop_push,x12
pop_push_push,x13
push_pop_push,x14
pop_push_pop,x15
push_push_inc,x16
push_inc_push,x17
inc_push_push,x18
push_push_retn,x19
push_retn_push,x20
pop_retn_retn,x21
retn_retn_push,x22
pop_push_dec,x23
push_dec_push,x24
dec_push_push,x25
pop_pop_dec,x26
pop_dec_retn,x27
dec_retn_push,x28
retn_pop_pop,x29
push_push_dec,x30
push_inc_pop,x31
inc_pop_pop,x32
pop_retn_inc,x33
retn_inc_push,x34
pop_pop_int,x35
pop_int_push,x36
int_push_push,x37
pop_retn_dec,x38
retn_dec_dec,x39
dec_dec_retn,x40
dec_retn_retn,x41
pop_retn_int,x42
retn_int_push,x43
int_push_retn,x44
push_push_int,x45
push_int_push,x46
push_pop_int,x47
inc_push_retn,x48
int_push_pop,x49
pop_push_int,x50
int_push_int,x51
push_inc_dec,x52
inc_dec_push,x53
dec_push_inc,x54
pop_pop_leave,x55
pop_leave_push,x56
leave_push_push,x57
retn_retn_pop,x58
pop_leave_retn,x59
leave_retn_push,x60
retn_push_dec,x61
push_dec_pop,x62
dec_pop_push,x63
retn_push_retn,x64
retn_retn_retn,x65
retn_push_inc,x66
inc_dec_retn,x67
retn_retn_inc,x68
push_retn_retn,x69
retn_retn_dec,x70
retn_dec_inc,x71
dec_inc_dec,x72
inc_dec_inc,x73
dec_inc_inc,x74
inc_inc_retn,x75
inc_retn_retn,x76
dec_inc_retn,x77
retn_inc_retn,x78
retn_dec_pop,x79
dec_pop_retn,x80
retn_dec_retn,x81
leave_push_pop,x82
push_pop_leave,x83
push_push_leave,x84
push_leave_push,x85
leave_push_leave,x86
push_leave_retn,x87
leave_retn_int,x88
pop_push_leave,x89
push_leave_dec,x90
leave_dec_dec,x91
dec_dec_int,x92
dec_int_retn,x93
inc_retn_pop,x94
push_pop_inc,x95
pop_inc_push,x96
leave_retn_retn,x97
retn_pop_dec,x98
dec_retn_inc,x99
retn_dec_push,x100
dec_push_pop,x101
push_retn_dec,x102
dec_push_retn,x103
push_retn_pop,x104
pop_pop_inc,x105
push_retn_inc,x106
retn_retn_xchg,x107
retn_xchg_dec,x108
xchg_dec_retn,x109
dec_retn_xchg,x110
retn_xchg_pop,x111
xchg_pop_push,x112
pop_push_retn,x113
pop_dec_push,x114
dec_push_xchg,x115
push_xchg_push,x116
xchg_push_pop,x117
push_pop_xchg,x118
pop_xchg_inc,x119
xchg_inc_inc,x120
inc_inc_push,x121
inc_push_dec,x122
push_dec_inc,x123
dec_inc_pop,x124
inc_pop_push,x125
push_int_leave,x126
int_leave_inc,x127
leave_inc_dec,x128
push_xchg_dec,x129
xchg_dec_inc,x130
dec_inc_push,x131
pop_xchg_pop,x132
xchg_pop_pop,x133
pop_push_xchg,x134
xchg_push_retn,x135
retn_pop_push,x136
push_pop_dec,x137
pop_dec_pop,x138
dec_pop_dec,x139
pop_dec_dec,x140
xchg_push_push,x141
dec_dec_push,x142
pop_dec_inc,x143
push_xchg_pop,x144
xchg_pop_inc,x145
pop_inc_pop,x146
inc_pop_int,x147
pop_int_xchg,x148
int_xchg_pop,x149
push_dec_cdq,x150
dec_cdq_dec,x151
cdq_dec_inc,x152
inc_pop_inc,x153
pop_inc_inc,x154
inc_inc_cdq,x155
inc_cdq_pop,x156
cdq_pop_dec,x157
inc_inc_dec,x158
pop_inc_cdq,x159
inc_cdq_dec,x160
inc_pop_dec,x161
dec_dec_cdq,x162
inc_inc_inc,x163
dec_pop_cdq,x164
pop_cdq_dec,x165
dec_inc_cdq,x166
dec_pop_pop,x167
retn_inc_inc,x168
pop_inc_retn,x169
inc_push_pop,x170
inc_push_leave,x171
push_leave_int,x172
leave_int_push,x173
leave_retn_pop,x174
pop_leave_int,x175
push_inc_inc,x176
cdq_pop_pop,x177
inc_pop_leave,x178
push_pop_cdq,x179
pop_cdq_pop,x180
inc_dec_dec,x181
dec_dec_pop,x182
pop_push_inc,x183
inc_cdq_leave,x184
cdq_leave_retn,x185
inc_inc_pop,x186
cdq_leave_int,x187
cdq_leave_push,x188
cdq_pop_cdq,x189
int_push_inc,x190
inc_push_inc,x191
inc_pop_retn,x192
push_dec_leave,x193
dec_leave_retn,x194
inc_inc_leave,x195
inc_leave_retn,x196
dec_pop_inc,x197
dec_dec_inc,x198
dec_dec_dec,x199
dec_dec_leave,x200
inc_dec_cdq,x201
cdq_dec_dec,x202
inc_dec_pop,x203
dec_inc_leave,x204
inc_dec_leave,x205
dec_push_dec,x206
push_dec_dec,x207
pop_inc_dec,x208
pop_inc_leave,x209
retn_pop_leave,x210
pop_leave_pop,x211
leave_pop_int,x212
pop_int_retn,x213
int_retn_push,x214
pop_inc_int,x215
inc_int_push,x216
leave_pop_push,x217
leave_int_retn,x218
leave_push_retn,x219
leave_int_inc,x220
int_inc_int,x221
leave_int_pop,x222
int_pop_retn,x223
pop_leave_inc,x224
leave_inc_push,x225
int_push_dec,x226
push_retn_int,x227
pop_int_int,x228
int_int_int,x229
int_int_push,x230
pop_leave_dec,x231
leave_dec_int,x232
dec_int_push,x233
leave_retn_dec,x234
dec_retn_int,x235
leave_inc_int,x236
leave_push_inc,x237
push_leave_inc,x238
retn_retn_int,x239
retn_int_retn,x240
int_retn_int,x241
retn_int_inc,x242
int_inc_retn,x243
inc_retn_int,x244
leave_retn_xchg,x245
retn_xchg_push,x246
push_push_cdq,x247
push_cdq_pop,x248
cdq_pop_push,x249
retn_inc_pop,x250
dec_pop_int,x251
leave_inc_retn,x252
inc_retn_push,x253
pop_int_inc,x254
push_inc_leave,x255
push_int_inc,x256
push_cdq_push,x257
cdq_push_push,x258
xchg_push_inc,x259
push_int_dec,x260
int_dec_inc,x261
inc_inc_xchg,x262
inc_xchg_push,x263
retn_int_dec,x264
retn_push_leave,x265
retn_inc_dec,x266
inc_dec_xchg,x267
dec_xchg_dec,x268
xchg_dec_pop,x269
retn_int_int,x270
pop_push_cdq,x271
push_cdq_cdq,x272
cdq_cdq_push,x273
retn_int_pop,x274
int_pop_pop,x275
int_pop_dec,x276
push_cdq_inc,x277
cdq_inc_inc,x278
cdq_inc_push,x279
leave_pop_retn,x280
leave_retn_inc,x281
inc_xchg_xchg,x282
xchg_xchg_int,x283
xchg_int_push,x284
leave_inc_inc,x285
push_inc_cdq,x286
pop_leave_xchg,x287
leave_xchg_push,x288
int_retn_pop,x289
retn_push_int,x290
dec_inc_int,x291
dec_push_int,x292
dec_cdq_inc,x293
inc_cdq_cdq,x294
retn_pop_int,x295
inc_leave_push,x296
push_inc_int,x297
leave_push_int,x298
push_leave_pop,x299
leave_pop_pop,x300
push_inc_retn,x301
inc_retn_inc,x302
pop_retn_leave,x303
retn_leave_retn,x304
retn_push_cdq,x305
cdq_push_cdq,x306
cdq_cdq_cdq,x307
cdq_cdq_pop,x308
inc_inc_int,x309
leave_push_dec,x310
leave_dec_push,x311
leave_dec_inc,x312
pop_cdq_push,x313
inc_leave_int,x314
retn_pop_inc,x315
int_pop_push,x316
leave_retn_leave,x317
pop_dec_cdq,x318
cdq_pop_inc,x319
cdq_push_pop,x320
pop_cdq_inc,x321
cdq_inc_pop,x322
dec_pop_leave,x323
pop_pop_cdq,x324
dec_cdq_push,x325
retn_xchg_inc,x326
xchg_inc_retn,x327
dec_retn_dec,x328
int_inc_inc,x329
inc_int_int,x330
pop_int_pop,x331
pop_dec_int,x332
push_int_retn,x333
int_int_pop,x334
push_int_int,x335
push_dec_int,x336
dec_int_int,x337
int_dec_push,x338
retn_dec_xchg,x339
xchg_dec_dec,x340
cdq_push_xchg,x341
cdq_cdq_inc,x342
cdq_inc_cdq,x343
pop_retn_cdq,x344
retn_cdq_push,x345
dec_inc_xchg,x346
xchg_xchg_xchg,x347
xchg_xchg_inc,x348
xchg_inc_xchg,x349
int_inc_push,x350
int_retn_inc,x351
pop_retn_xchg,x352
pop_inc_xchg,x353
inc_xchg_pop,x354
pop_pop_xchg,x355
pop_xchg_dec,x356
cdq_dec_push,x357
inc_xchg_inc,x358
inc_leave_xchg,x359
leave_xchg_inc,x360
dec_retn_pop,x361
cdq_inc_dec,x362
push_cdq_dec,x363
inc_pop_cdq,x364
pop_cdq_leave,x365
pop_int_dec,x366
int_dec_dec,x367
xchg_pop_retn,x368
retn_xchg_xchg,x369
xchg_xchg_cdq,x370
xchg_cdq_push,x371
push_dec_xchg,x372
dec_xchg_push,x373
xchg_push_dec,x374
xchg_dec_push,x375
dec_cdq_pop,x376
cdq_pop_xchg,x377
pop_xchg_cdq,x378
xchg_cdq_dec,x379
cdq_dec_xchg,x380
dec_xchg_inc,x381
xchg_push_xchg,x382
xchg_pop_dec,x383
push_int_pop,x384
inc_retn_dec,x385
dec_dec_xchg,x386
dec_xchg_retn,x387
xchg_retn_inc,x388
leave_inc_pop,x389
inc_pop_xchg,x390
push_int_xchg,x391
xchg_pop_xchg,x392
xchg_dec_cdq,x393
dec_cdq_xchg,x394
cdq_xchg_xchg,x395
xchg_xchg_pop,x396
pop_xchg_xchg,x397
xchg_xchg_dec,x398
push_xchg_inc,x399
xchg_inc_pop,x400
inc_cdq_inc,x401
retn_cdq_cdq,x402
cdq_push_leave,x403
int_push_leave,x404
retn_leave_push,x405
inc_int_retn,x406
push_push_xchg,x407
retn_cdq_retn,x408
int_pop_int,x409
push_inc_xchg,x410
push_dec_retn,x411
dec_leave_push,x412
int_pop_inc,x413
pop_cdq_cdq,x414
dec_push_leave,x415
int_retn_retn,x416
cdq_push_int,x417
inc_cdq_push,x418
retn_cdq_pop,x419
dec_cdq_cdq,x420
retn_pop_cdq,x421
cdq_pop_retn,x422
cdq_retn_push,x423
retn_retn_cdq,x424
retn_cdq_dec,x425
cdq_push_dec,x426
push_cdq_retn,x427
cdq_retn_int,x428
retn_push_xchg,x429
inc_retn_xchg,x430
xchg_inc_push,x431
inc_push_xchg,x432
xchg_inc_dec,x433
xchg_dec_xchg,x434
cdq_push_retn,x435
leave_retn_cdq,x436
pop_dec_leave,x437
inc_leave_inc,x438
dec_leave_dec,x439
int_int_inc,x440
int_int_retn,x441
push_int_cdq,x442
int_cdq_push,x443
cdq_cdq_int,x444
cdq_int_int,x445
push_cdq_int,x446
cdq_cdq_dec,x447
int_cdq_cdq,x448
push_xchg_xchg,x449
xchg_xchg_push,x450
xchg_cdq_inc,x451
cdq_inc_xchg,x452
xchg_cdq_xchg,x453
xchg_push_cdq,x454
push_cdq_xchg,x455
xchg_xchg_retn,x456
xchg_retn_push,x457
xchg_cdq_pop,x458
dec_xchg_xchg,x459
inc_push_int,x460
int_dec_xchg,x461
dec_xchg_pop,x462
retn_pop_xchg,x463
pop_xchg_retn,x464
xchg_retn_retn,x465
dec_int_dec,x466
retn_xchg_retn,x467
xchg_retn_xchg,x468
int_push_cdq,x469
pop_xchg_push,x470
cdq_retn_retn,x471
cdq_dec_cdq,x472
dec_pop_xchg,x473
inc_leave_leave,x474
leave_leave_retn,x475
leave_dec_leave,x476
dec_leave_xchg,x477
leave_xchg_dec,x478
pop_dec_xchg,x479
cdq_dec_pop,x480
cdq_push_inc,x481
retn_cdq_inc,x482
inc_push_cdq,x483
retn_inc_leave,x484
dec_leave_int,x485
leave_int_dec,x486
cdq_xchg_inc,x487
push_xchg_retn,x488
push_xchg_cdq,x489
push_retn_cdq,x490
leave_int_int,x491
leave_push_xchg,x492
cdq_inc_retn,x493
push_leave_xchg,x494
xchg_dec_leave,x495
dec_leave_inc,x496
xchg_retn_pop,x497
inc_cdq_xchg,x498
cdq_xchg_push,x499
cdq_pop_int,x500
xchg_pop_int,x501
inc_leave_pop,x502
pop_cdq_retn,x503
leave_dec_retn,x504
dec_push_cdq,x505
inc_xchg_dec,x506
push_retn_xchg,x507
push_xchg_int,x508
cdq_pop_leave,x509
int_inc_dec,x510
leave_dec_pop,x511
leave_pop_dec,x512
dec_int_pop,x513
inc_push_not,x514
push_not_push,x515
not_push_cdq,x516
leave_inc_xchg,x517
inc_int_inc,x518
int_pop_leave,x519
int_inc_xchg,x520
int_xchg_dec,x521
int_inc_pop,x522
cdq_retn_xchg,x523
xchg_retn_cdq,x524
int_cdq_inc,x525
retn_retn_leave,x526
leave_push_cdq,x527
push_xchg_leave,x528
xchg_leave_retn,x529
cdq_xchg_retn,x530
pop_xchg_int,x531
xchg_int_dec,x532
inc_dec_int,x533
dec_int_inc,x534
retn_dec_cdq,x535
cdq_inc_leave,x536
dec_xchg_leave,x537
xchg_leave_inc,x538
int_xchg_push,x539
cdq_dec_retn,x540
xchg_leave_dec,x541
cdq_cdq_retn,x542
int_retn_dec,x543
xchg_leave_pop,x544
leave_pop_inc,x545
inc_xchg_retn,x546
retn_inc_int,x547
xchg_int_pop,x548
xchg_inc_int,x549
inc_int_xchg,x550
xchg_pop_cdq,x551
dec_int_xchg,x552
retn_inc_xchg,x553
push_retn_leave,x554
leave_int_xchg,x555
cdq_retn_dec,x556
inc_cdq_retn,x557
int_dec_int,x558
cdq_retn_pop,x559
xchg_cdq_cdq,x560
leave_xchg_pop,x561
xchg_inc_leave,x562
int_int_dec,x563
dec_retn_cdq,x564
pop_int_leave,x565
int_leave_retn,x566
int_dec_retn,x567
retn_xchg_int,x568
xchg_int_inc,x569
leave_xchg_xchg,x570
pop_cdq_xchg,x571
cdq_xchg_cdq,x572
leave_pop_leave,x573
pop_leave_leave,x574
leave_leave_push,x575
leave_leave_pop,x576
dec_leave_pop,x577
xchg_retn_dec,x578
pop_xchg_leave,x579
xchg_inc_cdq,x580
int_pop_xchg,x581
xchg_push_leave,x582
leave_dec_xchg,x583
leave_xchg_leave,x584
retn_dec_int,x585
push_leave_leave,x586
leave_leave_leave,x587
inc_int_pop,x588
retn_xchg_cdq,x589
xchg_retn_leave,x590
xchg_dec_int,x591
inc_retn_cdq,x592
retn_inc_cdq,x593
inc_leave_cdq,x594
leave_cdq_dec,x595
int_xchg_inc,x596
cdq_int_push,x597
dec_retn_leave,x598
xchg_pop_leave,x599
pop_leave_cdq,x600
leave_cdq_push,x601
inc_int_dec,x602
int_retn_cdq,x603
push_leave_cdq,x604
leave_cdq_pop,x605
pop_cdq_int,x606
cdq_int_xchg,x607
int_dec_pop,x608
dec_cdq_retn,x609
leave_pop_xchg,x610
xchg_leave_push,x611
xchg_xchg_leave,x612
cdq_retn_cdq,x613
cdq_xchg_pop,x614
int_leave_dec,x615
dec_xchg_int,x616
xchg_int_xchg,x617
cdq_dec_leave,x618
int_retn_xchg,x619
retn_leave_pop,x620
leave_cdq_cdq,x621
cdq_xchg_dec,x622
dec_cdq_int,x623
int_dec_leave,x624
inc_xchg_cdq,x625
retn_cdq_int,x626
cdq_int_pop,x627
int_push_xchg,x628
xchg_leave_xchg,x629
leave_pop_cdq,x630
xchg_retn_int,x631
retn_dec_leave,x632
retn_leave_dec,x633
push_cdq_leave,x634
push_pop_not,x635
pop_not_push,x636
not_push_push,x637
push_push_not,x638
inc_xchg_leave,x639
int_inc_cdq,x640
inc_retn_leave,x641
xchg_cdq_retn,x642
inc_xchg_int,x643
retn_int_cdq,x644
int_xchg_xchg,x645
cdq_leave_pop,x646
pop_int_cdq,x647
cdq_cdq_xchg,x648
inc_leave_dec,x649
xchg_leave_cdq,x650
dec_xchg_cdq,x651
int_xchg_int,x652
int_xchg_cdq,x653
inc_cdq_int,x654
cdq_int_cdq,x655
int_cdq_dec,x656
retn_leave_xchg,x657
retn_xchg_leave,x658
xchg_leave_int,x659
dec_leave_leave,x660
xchg_int_cdq,x661
int_cdq_pop,x662
xchg_int_retn,x663
int_cdq_int,x664
retn_leave_inc,x665
push_not_cdq,x666
not_cdq_push,x667
int_leave_push,x668
leave_xchg_retn,x669
cdq_retn_inc,x670
push_retn_not,x671
retn_not_push,x672
leave_cdq_retn,x673
retn_int_xchg,x674
pop_pop_not,x675
not_push_pop,x676
dec_cdq_leave,x677
dec_int_cdq,x678
retn_cdq_xchg,x679
push_xchg_or,x680
xchg_or_dec,x681
or_dec_dec,x682
retn_leave_int,x683
xchg_push_int,x684
int_xchg_leave,x685
cdq_int_inc,x686
int_inc_not,x687
inc_not_push,x688
not_push_dec,x689
retn_cdq_leave,x690
xchg_int_leave,x691
int_pop_cdq,x692
int_xchg_retn,x693
leave_xchg_int,x694
pop_push_not,x695
xchg_cdq_leave,x696
cdq_leave_inc,x697
dec_push_not,x698
push_not_pop,x699
not_pop_xchg,x700
dec_retn_not,x701
retn_not_cdq,x702
not_cdq_pop,x703
inc_int_leave,x704
retn_inc_not,x705
dec_leave_cdq,x706
cdq_inc_int,x707
leave_leave_dec,x708
push_not_xchg,x709
not_xchg_pop,x710
cdq_cdq_leave,x711
retn_int_leave,x712
leave_cdq_xchg,x713
cdq_leave_xchg,x714
push_not_dec,x715
not_dec_push,x716
cdq_xchg_leave,x717
int_int_xchg,x718
int_leave_leave,x719
leave_leave_inc,x720
leave_cdq_inc,x721
int_cdq_retn,x722
not_pop_push,x723
cdq_xchg_int,x724
leave_cdq_int,x725
cdq_int_dec,x726
push_push_or,x727
push_or_int,x728
or_int_push,x729
int_leave_pop,x730
retn_leave_leave,x731
pop_pop_or,x732
pop_or_pop,x733
or_pop_inc,x734
int_int_cdq,x735
cdq_dec_int,x736
xchg_push_not,x737
leave_leave_int,x738
leave_dec_cdq,x739
int_leave_cdq,x740
cdq_leave_dec,x741
push_not_leave,x742
not_leave_push,x743
int_leave_xchg,x744
leave_xchg_cdq,x745
leave_inc_leave,x746
int_inc_leave,x747
cdq_push_not,x748
not_cdq_xchg,x749
leave_int_leave,x750
int_leave_int,x751
dec_pop_not,x752
pop_retn_not,x753
push_dec_or,x754
dec_or_dec,x755
or_dec_xchg,x756
leave_cdq_leave,x757
retn_push_not,x758
xchg_int_int,x759
not_push_xchg,x760
